<application>
  <component name="ProjectManager">
    <defaultProject>
      <component name="ProjectCodeStyleConfiguration">
        <code_scheme name="Project" version="173">
          <DBN-PSQL>
            <case-options enabled="false">
              <option name="KEYWORD_CASE" value="lower" />
              <option name="FUNCTION_CASE" value="lower" />
              <option name="PARAMETER_CASE" value="lower" />
              <option name="DATATYPE_CASE" value="lower" />
              <option name="OBJECT_CASE" value="preserve" />
            </case-options>
            <formatting-settings enabled="false" />
          </DBN-PSQL>
          <DBN-SQL>
            <case-options enabled="false">
              <option name="KEYWORD_CASE" value="lower" />
              <option name="FUNCTION_CASE" value="lower" />
              <option name="PARAMETER_CASE" value="lower" />
              <option name="DATATYPE_CASE" value="lower" />
              <option name="OBJECT_CASE" value="preserve" />
            </case-options>
            <formatting-settings enabled="false">
              <option name="STATEMENT_SPACING" value="one_line" />
              <option name="CLAUSE_CHOP_DOWN" value="chop_down_if_statement_long" />
              <option name="ITERATION_ELEMENTS_WRAPPING" value="chop_down_if_not_single" />
            </formatting-settings>
          </DBN-SQL>
        </code_scheme>
      </component>
      <component name="SbtLocalSettings">
        <option name="projectSyncType">
          <map>
            <entry key="$USER_HOME$/Beginner/scalatrain" value="PREVIEW" />
            <entry key="$USER_HOME$/akka-quickstart-scala" value="PREVIEW" />
            <entry key="$USER_HOME$/coursera/example" value="PREVIEW" />
            <entry key="$USER_HOME$/coursera/week1/recfun" value="PREVIEW" />
            <entry key="$USER_HOME$/coursera/week2/funsets" value="PREVIEW" />
            <entry key="$USER_HOME$/coursera/week3/objsets" value="PREVIEW" />
            <entry key="$USER_HOME$/coursera/week4/patmat" value="PREVIEW" />
            <entry key="$USER_HOME$/src/appointment-accounting-api" value="PREVIEW" />
            <entry key="$USER_HOME$/src/spo-service" value="PREVIEW" />
            <entry key="$USER_HOME$/src/telehealth-service" value="PREVIEW" />
            <entry key="$USER_HOME$/src/telehealth-service/server" value="PREVIEW" />
            <entry key="$USER_HOME$/telehealth-service/server" value="PREVIEW" />
          </map>
        </option>
      </component>
      <component name="ScalaSbtSettings">
        <option name="customVMPath" />
      </component>
      <component name="masterDetails">
        <states>
          <state key="ProjectJDKs.UI">
            <settings>
              <last-edited>1.8</last-edited>
              <splitter-proportions>
                <option name="proportions">
                  <list>
                    <option value="0.2" />
                  </list>
                </option>
              </splitter-proportions>
            </settings>
          </state>
          <state key="ScopeChooserConfigurable.UI">
            <settings>
              <splitter-proportions>
                <option name="proportions">
                  <list>
                    <option value="0.2" />
                  </list>
                </option>
              </splitter-proportions>
            </settings>
          </state>
        </states>
      </component>
    </defaultProject>
  </component>
</application>